time,i_mod_avg,i_mod_rms,u_bat
0.0,19.66647,19.66647,4.01866765
